nonce,list_op
0,0x01010101983110309620D911731Ac0932219af06091b6744
0,0x01030101983110309620D911731Ac0932219af06091b6744656670
0,0x01030101983110309620D911731Ac0932219af06091b6744656e73
0,0x01010101BdB41BfF7E828E2DC2d15EB67257455db818F1DC
0,0x01030101BdB41BfF7E828E2DC2d15EB67257455db818F1DC656670
0,0x01030101BdB41BfF7E828E2DC2d15EB67257455db818F1DC656e73
0,0x01010101f4212614C7Fe0B3feef75057E88b2E77a7E23e83
0,0x01030101f4212614C7Fe0B3feef75057E88b2E77a7E23e83656670
0,0x0101010186A41524CB61edd8B115A72Ad9735F8068996688
0,0x0103010186A41524CB61edd8B115A72Ad9735F8068996688626c6f636b
0,0x0103010186A41524CB61edd8B115A72Ad9735F80689966886d757465
1,0x01010101eb6b293E9bB1d71240953c8306aD2c8aC523516a
2,0x01010101eb6b293E9bB1d71240953c8306aD2c8aC523516a
3,0x01010101eb6b293E9bB1d71240953c8306aD2c8aC523516a
4,0x01010101eb6b293E9bB1d71240953c8306aD2c8aC523516a
5,0x01010101eb6b293E9bB1d71240953c8306aD2c8aC523516a
6,0x01010101eb6b293E9bB1d71240953c8306aD2c8aC523516a
7,0x01010101eb6b293E9bB1d71240953c8306aD2c8aC523516a
8,0x01010101eb6b293E9bB1d71240953c8306aD2c8aC523516a
9,0x01010101eb6b293E9bB1d71240953c8306aD2c8aC523516a
10,0x01010101eb6b293E9bB1d71240953c8306aD2c8aC523516a
11,0x01010101eb6b293E9bB1d71240953c8306aD2c8aC523516a
12,0x01010101eb6b293E9bB1d71240953c8306aD2c8aC523516a
13,0x01010101eb6b293E9bB1d71240953c8306aD2c8aC523516a
13,0x01030101eb6b293E9bB1d71240953c8306aD2c8aC523516a626c6f636b
14,0x01010101eb6b293E9bB1d71240953c8306aD2c8aC523516a
14,0x01030101eb6b293E9bB1d71240953c8306aD2c8aC523516a6d757465
15,0x01010101eb6b293E9bB1d71240953c8306aD2c8aC523516a
16,0x01010101eb6b293E9bB1d71240953c8306aD2c8aC523516a
17,0x01010101eb6b293E9bB1d71240953c8306aD2c8aC523516a
18,0x01010101eb6b293E9bB1d71240953c8306aD2c8aC523516a
19,0x01010101eb6b293E9bB1d71240953c8306aD2c8aC523516a
20,0x01010101eb6b293E9bB1d71240953c8306aD2c8aC523516a
21,0x01010101eb6b293E9bB1d71240953c8306aD2c8aC523516a
22,0x01010101eb6b293E9bB1d71240953c8306aD2c8aC523516a
23,0x01010101eb6b293E9bB1d71240953c8306aD2c8aC523516a
24,0x01010101eb6b293E9bB1d71240953c8306aD2c8aC523516a
25,0x01010101eb6b293E9bB1d71240953c8306aD2c8aC523516a
26,0x01010101eb6b293E9bB1d71240953c8306aD2c8aC523516a
27,0x01010101eb6b293E9bB1d71240953c8306aD2c8aC523516a
28,0x01010101eb6b293E9bB1d71240953c8306aD2c8aC523516a
29,0x01010101eb6b293E9bB1d71240953c8306aD2c8aC523516a
30,0x01010101eb6b293E9bB1d71240953c8306aD2c8aC523516a
31,0x01010101eb6b293E9bB1d71240953c8306aD2c8aC523516a
32,0x01010101eb6b293E9bB1d71240953c8306aD2c8aC523516a
33,0x01010101eb6b293E9bB1d71240953c8306aD2c8aC523516a
34,0x01010101eb6b293E9bB1d71240953c8306aD2c8aC523516a
35,0x01010101eb6b293E9bB1d71240953c8306aD2c8aC523516a
36,0x01010101eb6b293E9bB1d71240953c8306aD2c8aC523516a
37,0x01010101eb6b293E9bB1d71240953c8306aD2c8aC523516a
38,0x01010101eb6b293E9bB1d71240953c8306aD2c8aC523516a
39,0x01010101eb6b293E9bB1d71240953c8306aD2c8aC523516a
40,0x01010101eb6b293E9bB1d71240953c8306aD2c8aC523516a
41,0x01010101eb6b293E9bB1d71240953c8306aD2c8aC523516a
42,0x01010101eb6b293E9bB1d71240953c8306aD2c8aC523516a
43,0x01010101eb6b293E9bB1d71240953c8306aD2c8aC523516a
44,0x01010101eb6b293E9bB1d71240953c8306aD2c8aC523516a
45,0x01010101eb6b293E9bB1d71240953c8306aD2c8aC523516a
